"Date";"start_time";"end_Time";"section";"sub_section";"machinery";"category";"remarks";"created_at";"timestamp"
"2023-12-14";"2023-12-14 05:31:00";"2023-12-14 05:32:00";"Others";"132 KV TRANSMISSION LINE";"Others";"Electrical";"A - 30 MW STG Grid breaker auto tripped at 05:31 AM due to heavy jerk observed from grid side, STG sync. with grid at 05:32 AM.";"2023-12-15 11:16:29";"2023-12-15 11:16:29"
"2023-12-25";"2023-12-25 10:27:00";"2023-12-25 19:05:00";"3MW Turbine (Old)";"OTHERS";"Others";"Other";"3 MW Old_STG set stopped at 10:27 AM  due to Schedule General Cleaning of Mill. STG set started and synch. with Grid at 07:05PM";"2023-12-26 18:00:16";"2023-12-26 18:00:16"
"2023-12-25";"2023-12-25 10:25:00";"2023-12-25 19:30:00";"3MW Turbine (New)";"OTHERS";"Others";"Other";"3 MW NEW_STG set stopped at 10:25 AM  due to Schedule General Cleaning of Mill. STG set started and taken in load at 07:30PM";"2023-12-26 18:01:47";"2023-12-26 18:01:47"
"2023-12-31";"2023-12-31 03:18:00";"2023-12-31 03:22:00";"Others";"OTHERS";"Others";"Electrical";"30 MW STG Grid breaker auto tripped at 03:18 AM due to heavy jerk observed from grid side, STG sync. with grid at 03:22 AM.";"2024-01-01 18:07:21";"2024-01-01 18:07:21"
"2024-01-03";"2024-01-03 08:36:00";"2024-01-03 08:38:00";"30.85 MW Turbine";"OTHERS";"Sub-Station";"Electrical";"30 MW STG Grid breaker auto tripped at 08:36 AM due to heavy jerk observed from Grid on a/c of tripping of 33 KV Beltuwa feeder from Dhaurahara Substation, Again STG sync. with Grid at 08:38 AM.";"2024-01-06 11:16:38";"2024-01-06 11:16:38"
"2024-01-04";"2024-01-04 13:19:00";"2024-01-04 13:24:00";"Grid";"132 KV TRANSMISSION LINE";"Sub-Station";"Electrical";"30 MW STG Grid breaker manually opened at 01:19PM to 01:24PM due to Grid changeover from Dhaurahara S/S on a/c of Shutdown taken by UPPTCL for B - Phase Line Isolator Jaw Contact replacement of 132 KV Dhaurahara - Nighashan Tr. Line at Nighashan Substation.";"2024-01-06 13:10:49";"2024-01-06 13:10:49"
"2024-01-04";"2024-01-04 14:36:00";"2024-01-04 14:39:00";"Grid";"132 KV TRANSMISSION LINE";"Sub-Station";"Electrical";"30 MW STG Grid breaker manually opened at 02:36PM to 02:39PM due to Grid changeover from Dhaurahara S/S on a/c of Shutdown taken by UPPTCL for B - Phase Line Isolator Jaw Contact replacement of 132 KV Dhaurahara - Nighashan Tr. Line at Nighashan S/S.";"2024-01-06 13:12:46";"2024-01-06 13:12:46"
"2024-01-04";"2024-01-04 22:43:00";"2024-01-04 22:49:00";"Grid";"132 KV TRANSMISSION LINE";"Sub-Station";"Electrical";"30 MW STG Grid breaker auto tripped at 10:43PM due to grid failed on a/c of tripping of 132KV Dhaurahara - GSMA Tr. line from Dhaurahar Substation, Grid resumed & Synch with GRID at 10:49PM.";"2024-01-06 13:14:41";"2024-01-06 13:14:41"
"2024-01-04";"2024-01-04 22:48:00";"2024-01-04 23:05:00";"150 TPH Boiler";"OTHERS";"Others";"Other";"150TPH Boiler tripped at 10:48 PM on negative furnace draft (-80mmWC) and all bagasse feeder tripped caused Boiler steam pressure low resulting stoppage of Mill for 17Mts.";"2024-01-06 13:20:06";"2024-01-06 13:20:06"
"2024-01-04";"2024-01-04 07:48:00";"2024-01-04 07:49:00";"Grid";"OTHERS";"Others";"Electrical";"30 MW STG Grid breaker auto tripped at 07:48 AM due to heavy jerk observed from Grid side, Again STG sync. with Grid at 07:49 AM.";"2024-01-06 13:23:34";"2024-01-06 13:23:34"
"2024-01-07";"2024-01-07 09:18:00";"2024-01-07 09:19:00";"Grid";"OTHERS";"Others";"Electrical";"30 MW STG GRID breaker auto tripped at 09:18 AM due to heavy jerk observed from Grid on a/c  of tripping of  132 KV Bajaj Energy Gola Tr. Line from Nighashan Substation, Again STG sync. with Grid at 09:19 AM.";"2024-01-08 12:00:49";"2024-01-08 12:00:49"
"2024-01-13";"2024-01-14 07:43:00";"2024-01-14 07:44:00";"Grid";"OTHERS";"Others";"Electrical";"30 MW STG Grid breaker auto tripped at 07:43 AM due to heavy jerk observed from grid side on a/c  of tripping of 33KV Kailashpuri feeder from Dhaurahra substation , Again STG sync. with grid at 07:44 AM.";"2024-01-14 15:54:18";"2024-01-14 15:54:18"
"2024-01-16";"2024-01-16 10:38:00";"2024-01-16 15:05:00";"35 TPH Boiler & 4MW Turbine";"FURNACE";"Others";"Other";"4 MW STG  set manually tripped at 10:38 AM due to main steam pressure low on a/c of disturbance in furnace due to slop, again STG sync. with Grid at 03:05 PM.";"2024-01-20 13:02:08";"2024-01-20 13:02:08"
"2024-01-17";"2024-01-17 12:33:00";"2024-01-17 16:51:00";"35 TPH Boiler & 4MW Turbine";"BOILER FANS";"ID Fan";"Mechanical";"4.0 MW STG set & Boiler stopped at 12:33 PM due to ID Fan impeller cleaning  & checking , Again STG Set Sync with Grid at 04:51 PM.";"2024-01-20 13:05:08";"2024-01-20 13:05:08"
"2024-01-17";"2024-01-17 09:35:00";"2024-01-20 00:24:00";"150 TPH Boiler";"OTHERS";"Others";"Mechanical";"30MW STG set stopped at 09:35 AM due to shutdown of 150TPH Boiler to attend flue gas leakage and STG set started & Synch. with GRID on dated 20/01/2024 at 12:24AM.";"2024-01-20 13:10:21";"2024-01-20 13:10:21"
"2024-01-21";"2024-01-21 11:02:00";"2024-01-21 11:04:00";"Grid";"OTHERS";"Others";"Electrical";"30 MW STG Grid breaker auto tripped at 11:02 AM due to heavy jerk observed from grid side  , Again STG sync. with grid at 11:04 AM.";"2024-01-22 11:53:34";"2024-01-22 11:53:34"
"2024-01-23";"2024-01-23 16:55:00";"2024-01-23 16:56:00";"Grid";"OTHERS";"Others";"Electrical";" 30 MW STG Grid breaker auto tripped at 04:55 PM due to heavy jerk observed from grid side on a/c  of tripping of 33KV Kailashpuri feeder from Dhaurahra substation , Again STG sync. with grid at 04:56 PM.";"2024-01-27 12:50:28";"2024-01-27 12:50:28"
"2024-01-25";"2024-01-25 13:46:00";"2024-01-25 13:47:00";"Grid";"OTHERS";"Others";"Electrical";"30MW STG Grid breaker auto tripped at 01:46 PM due to heavy jerk observed from grid side on a/c  of tripping of 33KV Kailashpuri feeder from Dhaurahra substation , Again STG sync. with grid at 01:47 PM.";"2024-01-27 12:58:55";"2024-01-27 12:58:55"
"2024-01-25";"2024-01-26 02:20:00";"2024-01-26 02:21:00";"Grid";"OTHERS";"Others";"Electrical";"30 MW STG Grid breaker auto tripped at 02:20 AM due to heavy jerk observed from grid side Again STG sync. with grid at 02:21AM.";"2024-01-27 13:00:36";"2024-01-27 13:00:36"
"2024-01-29";"2024-01-29 09:30:00";"2024-01-29 05:04:00";"35 TPH Boiler";"BOILER FANS";"ID Fan";"Mechanical";" 4MW STG set & Boiler stopped at 09:30 AM due to ID Fan Vibration level increased on a/c of slop ash deposited on ID Fan Impeller caused unbalanced & abnormal sound at bearing , Again STG Set Sync with Grid at 05:04 AM.";"2024-02-01 19:59:49";"2024-02-01 19:59:49"
"2024-02-01";"2024-02-01 17:13:00";"2024-02-01 17:15:00";"Grid";"OTHERS";"Others";"Electrical";"30 MW STG Grid breaker auto tripped at 05:13 PM due to heavy jerk observed from grid side on a/c of bad weather condition, STG sync. with grid at 05:15 PM.";"2024-02-04 18:00:15";"2024-02-04 18:00:15"
"2024-02-05";"2024-02-05 10:18:00";"2024-02-05 10:19:00";"Grid";"OTHERS";"Others";"Electrical";"30 MW STG Grid breaker auto tripped at 10:18 AM due to heavy jerk observed from grid on a/c of tripping of 33KV beltua-Khamariya feeder from Dhaurahra Substtation , Again STG sync. with grid at 10:19 AM.";"2024-02-08 20:30:46";"2024-02-08 20:30:46"
"2024-02-06";"2024-02-06 19:57:00";"2024-02-06 19:58:00";"Grid";"OTHERS";"Others";"Electrical";"30 MW STG Grid breaker auto tripped at 07:57 PM due to heavy jerk observed from grid on a/c of tripping of 33KV beltua-Khamariya feeder from Dhaurahra Substation , Again STG sync. with grid at 07:58 PM.";"2024-02-08 20:32:02";"2024-02-08 20:32:02"
"2024-02-08";"2024-02-08 09:59:00";"2024-02-08 06:06:00";"150 TPH Boiler";"OTHERS";"Others";"Mechanical";"30 MW STG set & 150 TPH Boiler manually stopped at 09:59AM due to DA Fan air duct connectivity , again STG set started & synced with grid at 06:06PM .";"2024-02-09 19:28:14";"2024-02-09 19:28:14"
"2024-02-12";"2024-02-13 00:21:00";"2024-02-13 00:33:00";"Grid";"OTHERS";"Others";"Electrical";"30MW STG set GRID breaker auto tripped at 12:21AM due to 132KV Dhaurahara Substation blackout on a/c of tripping of 132KV Dhaurahara - Nighasan  Tr. line from Nighashan S/S, Again STG Sync with GRID at 12:33AM.";"2024-02-16 18:47:41";"2024-02-16 18:47:41"
"2024-02-15";"2024-02-15 11:34:00";"2024-02-15 15:29:00";"35 TPH Boiler";"BOILER FANS";"ID Fan";"Mechanical";" 4 MW STG Set & Boiler stopped at 11:34 AM due to ID Fan Vibration level increased on a/c of slop ash deposited on ID Fan Impeller, Again STG Set Sync with Grid at 03:29 PM.";"2024-02-16 18:50:13";"2024-02-16 18:50:13"
"2024-02-16";"2024-02-17 03:20:00";"2024-02-17 03:21:00";"Grid";"OTHERS";"Others";"Electrical";"30 MW STG Grid breaker auto tripped at 03:20AM due to heavy jerk observed from grid side on a/c  of tripping of 33KV Beltuwa feeder from Dhaurahra substation , Again STG sync. with grid at 03:21AM.";"2024-02-17 18:32:04";"2024-02-17 18:32:04"
"2024-02-19";"2024-02-19 15:35:00";"2024-02-19 19:25:00";"35 TPH Boiler";"BAGASSE FEEDING SYSTEM";"Screw Feeder-1";"Mechanical";"4MW STG Set manually Stopped at 03:35PM due to LSP on a/c of bagasse feeder no -1 & 2 jammed  and steam given to distillery for process from 150TPH Boiler. Again STG synch with grid at 07:25PM";"2024-02-24 18:22:21";"2024-02-24 18:22:21"
"2024-02-21";"2024-02-22 01:02:00";"2024-02-22 01:11:00";"Grid";"OTHERS";"Others";"Electrical";"30 MW GRID breaker auto tripped at 01:02AM due to Dhaurahra substation blackout on account of 132KV Dhaurahra - Nighasan Tr. Line tripped. Grid resumed at 01:11AM & STG synch with grid at 01:13AM";"2024-02-24 18:25:41";"2024-02-24 18:25:41"
"2024-02-21";"2024-02-22 00:10:00";"2024-02-22 03:20:00";"35 TPH Boiler";"BOILER FANS";"ID Fan";"Mechanical";"4 MW STG Set & Boiler stopped at 12:10 AM due to ID Fan Vibration level increased on a/c of slop ash deposited on ID Fan Impeller, Again STG Set started and Sync with Grid at 03:20 AM.";"2024-02-24 18:28:38";"2024-02-24 18:28:38"
"2024-02-27";"2024-02-27 09:51:00";"2024-02-27 11:52:00";"35 TPH Boiler";"BOILER FANS";"ID Fan";"Mechanical";"4 MW STG Set & 35 TPH Boiler stopped at 09:51 AM due to ID Fan Vibration level increased on a/c of slop ash deposited on ID Fan Impeller, Again STG Set started and Sync with Grid at 01:33 PM.";"2024-03-07 11:55:41";"2024-03-07 11:55:41"
"2024-03-01";"2024-03-01 10:16:00";"2024-03-01 10:18:00";"Grid";"OTHERS";"Others";"Electrical";" 30 MW STG Grid breaker auto tripped at 10:16AM due to heavy jerk observed from grid side on a/c of tripping of 33KV Kailaspuri Rural feeder  , Again STG set sync. with grid at 10:18AM.";"2024-03-07 11:59:43";"2024-03-07 11:59:43"
"2024-03-01";"2024-03-01 08:20:00";"2024-03-01 22:10:00";"3MW Turbine (Old)";"MILL - GENERAL CLEANING";"Others";"Electrical";"3MW_ Old  STG set stopped at 08:20 AM due to Schedule General cleaning of Mill & attending of 70TPH Boiler Economiser tube leakage , Again STG set started & Sync with grid at 10:10PM.";"2024-03-07 12:02:47";"2024-03-07 12:02:47"
"2024-03-01";"2024-03-01 08:06:00";"2024-03-01 22:40:00";"3MW Turbine (New)";"MILL - GENERAL CLEANING";"Others";"Electrical";"3MW_ New  STG set stopped at 08:06 AM due to Schedule General cleaning of Mill & attending of 70TPH Boiler Economiser tube leakage , Again STG set started & taken at load at 10:40PM.";"2024-03-07 12:04:15";"2024-03-07 12:04:15"
"2024-03-02";"2024-03-02 16:05:00";"2024-03-02 16:08:00";"Grid";"OTHERS";"Others";"Electrical";"30MW STG GRID Breaker manually opened at 04:05 PM tripping system checking by UPPTCL staff of ZIL feeder , Again STG set synced with grid at 04:08PM .";"2024-03-07 12:06:35";"2024-03-07 12:06:35"
"2024-03-03";"2024-03-03 15:03:00";"2024-03-03 16:47:00";"35 TPH Boiler";"BOILER FANS";"ID Fan";"Mechanical";"4 MW STG Set & 35 TPH Boiler stopped at 03:03 PM due to ID Fan Vibration level increased on a/c of slop ash deposited on ID Fan Impeller, Again STG Set started and Sync with Grid at 04:47 PM.";"2024-03-07 12:08:23";"2024-03-07 12:08:23"
"2024-03-07";"2024-03-07 15:15:00";"2024-03-07 15:18:00";"Grid";"OTHERS";"Others";"Electrical";"30 MW STG Grid breaker auto tripped at 03:15 PM due to heavy jerk observed from grid on a/c  of tripping of 33KV Beltuwa feeder from Dhaurahra substation , Again STG sync. with grid at 03:18 PM.";"2024-03-09 17:53:27";"2024-03-09 17:53:27"
"2024-03-07";"2024-03-07 15:23:00";"2024-03-07 15:24:00";"Grid";"OTHERS";"Others";"Electrical";"30 MW STG Grid breaker auto tripped at 03:23 PM due to heavy jerk observed from grid on a/c  of tripping of 33KV Beltuwa feeder from Dhaurahra substation , Again STG sync. with grid at 03:24 PM.";"2024-03-09 17:54:35";"2024-03-09 17:54:35"
"2024-03-07";"2024-03-07 14:29:00";"2024-03-07 16:44:00";"35 TPH Boiler";"BOILER FANS";"ID Fan";"Mechanical";" 4 MW STG Set & 35 TPH Boiler stopped at 02:29 PM due to ID Fan Vibration level increased on a/c of slop ash deposited on ID Fan Impeller, Again STG Set started and Sync with Grid at 04:44 PM.";"2024-03-09 17:56:03";"2024-03-09 17:56:03"
"2024-03-08";"2024-03-08 11:25:00";"2024-03-09 08:00:00";"35 TPH Boiler";"OTHERS";"Others";"Mechanical";"35TPH Boiler and 4MW STG set Stopped at 11:25 AM for Boiler internal cleaning.";"2024-03-09 18:10:14";"2024-03-09 18:10:14"
"2024-03-09";"2024-03-09 08:00:00";"2024-03-10 08:00:00";"35 TPH Boiler";"OTHERS";"Others";"Mechanical";"35TPH Boiler and 4MW STG set Stopped  for Boiler internal cleaning.";"2024-03-10 11:55:02";"2024-03-10 11:55:02"
"2024-03-10";"2024-03-10 08:00:00";"2024-03-11 08:00:00";"35 TPH Boiler";"OTHERS";"Others";"Mechanical";"35TPH Boiler and 4MW STG set Stopped  for Boiler internal cleaning.";"2024-03-13 11:25:33";"2024-03-13 11:25:33"
"2024-03-11";"2024-03-11 08:00:00";"2024-03-12 08:00:00";"35 TPH Boiler";"OTHERS";"Others";"Mechanical";"a) 35TPH Boiler light up at 1:25AM & Steam Given to Distillery at 6:45AM.
b) Steam given to Distillery Plant at 6:45AM.";"2024-03-13 11:31:19";"2024-03-13 11:31:19"
"2024-03-12";"2024-03-12 08:00:00";"2024-03-12 08:10:00";"35 TPH Boiler";"OTHERS";"Others";"Mechanical";"4MW STG Set Started & Sync with Grid at 8:10AM.";"2024-03-13 11:32:32";"2024-03-13 11:32:32"
"2024-03-16";"2024-03-16 23:07:00";"2024-03-16 23:08:00";"Grid";"OTHERS";"Others";"Electrical";"30 MW STG Tie breaker auto tripped at 11:07 PM due to heavy jerk observed from grid side , STG sync. with grid at 11:08 PM.";"2024-03-18 10:18:35";"2024-03-18 10:18:35"
"2024-03-20";"2024-03-20 13:19:00";"2024-03-20 13:20:00";"Grid";"OTHERS";"Others";"Electrical";"30 MW STG Tie breaker auto tripped at 01:19 PM due to heavy jerk observed from grid side , STG sync. with grid at 01:20 PM.";"2024-04-14 16:27:24";"2024-04-14 16:27:24"
"2024-03-20";"2024-03-20 16:02:00";"2024-03-20 16:03:00";"Grid";"OTHERS";"Others";"Electrical";"30 MW STG Tie breaker auto tripped at 04:02 PM due to heavy jerk observed from grid side , STG sync. with grid at 04:03 PM.";"2024-04-14 16:28:29";"2024-04-14 16:28:29"
"2024-03-27";"2024-03-27 08:58:00";"2024-03-28 01:03:00";"35 TPH Boiler & 4MW Turbine";"FURNACE";"ID Fan";"Mechanical";"4MW STG Breaker manually opened at 08:58AM for cleaning of choked second pass hopper of 35 TPH slop fired Boiler.  STG set started after cleaning hopper & ID Fan Impeller and Sync. with GRID at 01:03AM.";"2024-04-14 16:34:22";"2024-04-14 16:34:22"
"2024-04-02";"2024-04-02 19:57:00";"2024-04-08 10:57:00";"35 TPH Boiler";"OTHERS";"Others";"Mechanical";" 35TPH Boiler and 4MW STG stopped at 07:57pm for Schedule cleaning of Boiler . ";"2024-04-14 16:39:02";"2024-04-14 16:39:02"
"2024-04-06";"2024-04-06 11:29:00";"2024-04-06 11:30:00";"Grid";"OTHERS";"Others";"Electrical";"30 MW STG Tie breaker auto tripped at 11:29 AM due to heavy jerk observed from grid side , STG sync. with grid at 11:30 AM.";"2024-04-14 16:41:52";"2024-04-14 16:41:52"
"2024-04-08";"2024-04-09 00:20:00";"2024-04-09 00:21:00";"Grid";"OTHERS";"Others";"Electrical";"30MW STG GRID  breaker auto tripped at 12:20AM due to heavy jerk from grid side, again STG set sync with GRID at 12:21AM .";"2024-04-14 16:44:30";"2024-04-14 16:44:30"
"2024-04-10";"2024-04-10 18:57:00";"2024-04-10 18:58:00";"Grid";"OTHERS";"Others";"Electrical";"30 MW STG GRID breaker auto tripped at 06:57 PM due to heavy jerk observed from grid side , Again STG set sync. with grid at 06:58 PM.";"2024-04-14 16:45:48";"2024-04-14 16:45:48"
"2024-04-13";"2024-04-14 02:30:00";"2024-04-14 02:35:00";"Grid";"OTHERS";"Others";"Electrical";"30.85 STG Grid breaker auto tripped at 02:30AM due to heavy jerk observed from grid side and again sync with grid at 02:35AM .";"2024-04-14 16:47:26";"2024-04-14 16:47:26"
"2024-04-05";"2024-04-06 04:21:00";"2024-04-06 05:08:00";"Grid";"132 KV TRANSMISSION LINE";"Transmission Line";"Electrical";"30 MW GRID breaker auto tripped at 04:21AM due to 132 KV Dhaurhar S/S blackout on a/c of tripping of 132KV Dhaurahra - Nighasan Tr. Line from Nighasan s/s. Grid resumed at 05:08AM & STG synch with grid at 05:08AM";"2024-04-14 16:50:15";"2024-04-14 16:50:15"
"2024-11-24";"2024-11-24 19:29:00";"2024-11-24 19:33:00";"Grid";"OTHERS";"Others";"Electrical";"GRID Breaker auto tripped at 07:29PM due to grid fluctuation on account of tripping of 33 KV Beltua feeder from Dhaurahra substation. Again STG synch with grid at 07:33PM.";"2024-11-25 11:48:38";"2024-11-25 11:48:38"
"2024-11-20";"2024-11-20 11:43:00";"2024-11-20 14:28:00";"30.85 MW Turbine";"TURBINE & GENERATOR";"LP Actuator";"Instrumentation";"30 MW STG set manually stopped at 11:43AM due to LP Actuator replacement, STG sync with Grid at 02:28PM.";"2024-11-25 11:53:20";"2024-11-25 11:53:20"
"2024-11-19";"2024-11-19 20:38:00";"2024-11-19 20:39:00";"Grid";"OTHERS";"Others";"Electrical";"30MW GRID Breaker auto tripped at 08:38PM due to heavy jerk observed from grid ,Again STG Sync. with Grid at 08:39PM.";"2024-11-25 11:55:13";"2024-11-25 11:55:13"
"2024-11-18";"2024-11-18 19:10:00";"2024-11-18 19:11:00";"Grid";"132 KV TRANSMISSION LINE";"Others";"Electrical";"30MW STG Set GRID Breaker auto tripped at 07:10PM.due to heavy jerk observed from Grid on a/c of 132KV Palia Tr. Line tripped from Nighasan substation.Again STG Sync. with Grid at 07:11PM.";"2024-11-25 11:56:40";"2024-11-25 11:56:40"
"2024-11-17";"2024-11-17 09:04:00";"2024-11-17 09:48:00";"35 TPH Boiler";"FUEL HANDLING SYSTEM";"Dist Belt Conveyor-1 (DBC-1)";"Mechanical";"4MW STG Breaker manually open at 09:04AM due to Bagasse jammed DBC-1 discharge chute ,again STG synch.with GRID at 09:48AM.";"2024-11-25 11:59:24";"2024-11-25 11:59:24"
"2024-11-17";"2024-11-18 04:38:00";"2024-11-18 04:39:00";"Grid";"OTHERS";"Others";"Electrical";"30MW GRID Breaker auto tripped at 04:38AM due to heavy jerk observed from grid ,Again STG Sync. with Grid at 04:39AM.";"2024-11-25 12:00:48";"2024-11-25 12:00:48"
"2024-11-13";"2024-11-13 11:13:00";"2024-11-13 11:22:00";"Grid";"132 KV TRANSMISSION LINE";"Others";"Electrical";"30MW GRID Breaker manually tripped at 11:13AM to 11:22AM due to grid changeover from Dhaurahra substation.";"2024-11-25 12:02:53";"2024-11-25 12:02:53"
"2024-11-13";"2024-11-13 17:57:00";"2024-11-13 18:07:00";"Grid";"132 KV TRANSMISSION LINE";"Others";"Electrical";"30MW GRID Breaker manually tripped at 05:57PM to 06:07PM due to grid changeover from Dhaurahra substation.";"2024-11-25 12:04:01";"2024-11-25 12:04:01"
"2024-11-13";"2024-11-13 23:10:00";"2024-11-14 00:02:00";"Grid";"132 KV TRANSMISSION LINE";"Others";"Electrical";"30MW GRID Breaker Auto  tripped at 11:10PM due to GSML transmission line tripped from dhaurahra substation. Grid supply resumed at 12:01AM and again STG  Sync. with Grid at 12:02AM.";"2024-11-25 12:05:31";"2024-11-25 12:05:31"
"2024-11-12";"2024-11-13 06:39:00";"2024-11-13 06:50:00";"Grid";"OTHERS";"Others";"Electrical";"30MW GRID Breaker auto tripped at 06:39AM due to heavy jerk observed from grid ,Again STG Sync. with Grid at 06:50AM.";"2024-11-25 12:07:11";"2024-11-25 12:07:11"
"2024-11-10";"2024-11-11 06:00:00";"2024-11-11 06:02:00";"Grid";"132 KV TRANSMISSION LINE";"Others";"Electrical";"30MW STG Set GRID Breaker auto tripped at 06:00AM  due to heavy jerk observed from Grid on a/c of 220KV kandauli Tr. Line tripped from Nighasan substation.";"2024-11-25 12:08:56";"2024-11-25 12:08:56"
"2024-11-07";"2024-11-08 04:56:00";"2024-11-08 05:19:00";"Grid";"132 KV TRANSMISSION LINE";"Others";"Electrical";"30MW STG Set GRID Breaker auto tripped at 04:56AM due to 132KV Dhaurhara Substation blackout on a/c of 132KV Dhaurhara -Nighasan Tr. Line tripped from Nighasan substation ,Grid Resume & STG Sync. With Grid at 05:19AM.";"2024-11-25 12:10:35";"2024-11-25 12:10:35"
"2024-11-04";"2024-11-05 01:17:00";"2024-11-05 16:07:00";"35 TPH Boiler";"OTHERS";"Furnace Tubes";"Mechanical";"35TPH Boiler and 4MW STG stopped at 01:17AM due to Boiler tube leakage.";"2024-11-25 12:14:01";"2024-11-25 12:14:01"
"2024-11-02";"2024-11-02 18:24:00";"2024-11-02 18:25:00";"Grid";"OTHERS";"Others";"Electrical";"30 MW STG Grid breaker auto tripped at 06:24PM due to heavy jerk observed from grid side, STG synch. with grid at 06:25PM.";"2024-11-25 12:15:12";"2024-11-25 12:15:12"
"2024-11-01";"2024-11-02 06:24:00";"2024-11-02 06:26:00";"Grid";"OTHERS";"Others";"Electrical";"30 MW STG Grid breaker auto tripped at 06:24AM due to heavy jerk observed from grid side, STG synch. with grid at 06:26AM.";"2024-11-25 12:16:24";"2024-11-25 12:16:24"
"2024-10-28";"2024-10-28 17:13:00";"2024-10-30 13:00:00";"150 TPH Boiler";"OTHERS";"Furnace Tubes, Boiler Bank, super Heater & Eco";"Mechanical";"30 MW STG set & 150TPH Boiler manually stopped at 05:13 PM due to Tube Leakage ecnomiser outlet below LTSH Header.";"2024-11-25 12:20:25";"2024-11-25 12:20:25"
"2024-10-29";"2024-10-29 22:15:00";"2024-10-29 23:26:00";"35 TPH Boiler";"FUEL HANDLING SYSTEM";"Dist Belt Conveyor-1 (DBC-1)";"Mechanical";"4MW STG manually Open at 10:15PM due to Bagasse Jamm in DBC-1 ,again STG synch.with GRID at 11:26 PM.";"2024-11-25 12:25:46";"2024-11-25 12:25:46"
"2024-10-27";"2024-10-28 01:11:00";"2024-10-28 01:13:00";"Grid";"OTHERS";"Others";"Electrical";" 30 MW STG Grid breaker auto tripped at 01:11 AM to 01:13AM due to heavy jerk observed from grid side.";"2024-11-25 12:27:06";"2024-11-25 12:27:06"
"2024-11-25";"2024-11-26 03:08:00";"2024-11-26 03:09:00";"Grid";"OTHERS";"Others";"Electrical";"GRID Breaker auto tripped at 03:08AM to 03:09AM due to heavy jerk observed from grid side.";"2024-11-29 12:22:03";"2024-11-29 12:22:03"
"2024-11-25";"2024-11-26 06:34:00";"2024-11-26 06:35:00";"Grid";"OTHERS";"Others";"Electrical";"GRID Breaker auto tripped at 6:34AM to 06:35AM due to heavy jerk observed from grid side.";"2024-11-29 12:23:57";"2024-11-29 12:23:57"
"2024-11-26";"2024-11-27 03:07:00";"2024-11-27 03:08:00";"Grid";"OTHERS";"Others";"Electrical";" 30MW GRID Breaker auto tripped at 03:07AM due to heavy jerk observed from grid ,Again STG Sync. with Grid at 03:08AM.";"2024-11-29 12:25:41";"2024-11-29 12:25:41"
"2024-11-29";"2024-11-29 17:39:00";"2024-11-29 17:40:00";"Grid";"OTHERS";"Others";"Electrical";"30MW GRID Breaker auto tripped at 05:39PM due to heavy jerk observed from grid ,Again STG Sync. with Grid at 05:40PM.";"2024-11-30 17:49:25";"2024-11-30 17:49:25"
"2024-12-06";"2024-12-07 01:16:00";"2024-12-07 01:28:00";"Grid";"132 KV TRANSMISSION LINE";"Others";"Electrical";"30MW GRID Breaker auto  tripped at 01:16AM due to GSMA Transmission line tripped from Dhaurahra substation. Grid supply resumed  & STG  Sync. with Grid at 01:28AM.";"2024-12-07 17:11:52";"2024-12-07 17:11:52"
"2024-12-07";"2024-12-07 09:39:00";"2024-12-07 11:15:00";"3MW Turbine (Old)";"OTHERS";"Others";"Electrical";"3MW old STG set tripped at 09:39AM due to Voltage fluctuation which was synch with grid ,STG set started & synch with GRID at 11:15AM .";"2024-12-10 11:00:54";"2024-12-10 11:00:54"
"2024-12-07";"2024-12-07 11:39:00";"2024-12-07 12:15:00";"3MW Turbine (New)";"OTHERS";"Others";"Electrical";"3MW old STG set & 2.5MVA Transformer tripped at 11:39AM on overload due to which 3MW New STG set tripped because of 70TPH boiler Aux equipments supply failure, system restore at 12:15PM.";"2024-12-10 11:02:27";"2024-12-10 11:02:27"
"2024-12-11";"2024-12-12 00:18:00";"2024-12-12 00:19:00";"Grid";"OTHERS";"Others";"Electrical";"30MW GRID Breaker auto tripped at 12:18AM due to heavy jerk observed from grid ,Again STG Sync. with Grid at 12:19AM.";"2024-12-15 18:49:12";"2024-12-15 18:49:12"
"2024-12-12";"2024-12-12 09:42:00";"2024-12-12 16:20:00";"3MW Turbine (Old)";"MILL - GENERAL CLEANING";"Others";"Other";"3 MW Old_STG set stopped at 09:42 AM  due to Schedule General Cleaning of Mill. STG set started and synch. with Grid at 04:20PM";"2024-12-15 18:51:37";"2024-12-15 18:51:37"
"2024-12-12";"2024-12-12 09:18:00";"2024-12-12 17:13:00";"3MW Turbine (New)";"OTHERS";"Others";"Other";"3 MW NEW_STG set stopped at 09:18 AM  due to Schedule General Cleaning of Mill. STG set started and taken in load at 05:13PM";"2024-12-15 18:52:39";"2024-12-15 18:52:39"
"2024-12-15";"2024-12-15 10:46:00";"2024-12-15 12:30:00";"Grid";"132 KV TRANSMISSION LINE";"Others";"Electrical";"30.85 MW GRID Breaker manually tripped at 10:46AM to 12:30PM due to grid changeover from Dhaurahra substation and also during  grid changeover 132KV Nanpara End  SF6 breaker failure caused delay to resume grid supply.";"2024-12-16 10:56:37";"2024-12-16 10:56:37"
"2024-12-18";"2024-12-19 06:20:00";"2024-12-19 07:10:00";"30.85 MW Turbine";"OIL PUMP";"Auxillery Oil Pump-2 (AOP-2)";"Other";"30MW STG SET Turbine Auto Tripped at 06:20AM due to Control oil pressure  Low. Again STG set Sync with Grid at 07:10 AM.";"2024-12-21 18:53:12";"2024-12-21 18:53:12"
"2024-12-30";"2024-12-30 19:30:00";"2024-12-30 19:40:00";"Grid";"132 KV TRANSMISSION LINE";"Others";"Electrical";"30MW GRID Breaker auto tripped at 07:30PM due to Dhaurahra- Nighasan Transmission line tripped from Dhaurahra substation. Grid supply resumed & STG .Sync. with Grid at 07:40PM.";"2025-01-02 18:54:08";"2025-01-02 18:54:08"
"2024-12-31";"2024-12-31 13:48:00";"2024-12-31 13:58:00";"Grid";"OTHERS";"Others";"Electrical";"GRID Breaker auto tripped at 01:48PM to 01:58PM due to heavy jerk observed from grid side.";"2025-01-02 18:55:50";"2025-01-02 18:55:50"
"2024-12-31";"2024-12-31 17:29:00";"2024-12-31 17:30:00";"Grid";"OTHERS";"Others";"Electrical";"GRID Breaker auto tripped at 05:29PM to 05:30PM due to heavy jerk observed from grid side.";"2025-01-02 18:56:57";"2025-01-02 18:56:57"
"2025-01-01";"2025-01-01 18:15:00";"2025-01-01 19:53:00";"3MW Turbine (Old)";"OTHERS";"Others";"Electrical";"3MW_OLD STG auto  tripped at 06:15Pm at Voltage control over current relay acted due to GRID fluctuation . Again STG started & synch with grid at 07:53PM.";"2025-01-02 18:59:21";"2025-01-02 18:59:21"
"2025-01-01";"2025-01-01 19:06:00";"2025-01-01 20:29:00";"3MW Turbine (New)";"FUEL HANDLING SYSTEM";"Main Bagasse Carrier (MBC)";"Electrical";"3MW_NEW STG manually stopped at 07:06PM due to 70TPH Boiler steam pressure low on account of MBC conveyor tripped during 3MW_old STG set synchronization. Again STG taken in line at 08:29PM.";"2025-01-02 19:01:57";"2025-01-02 19:01:57"
"2024-12-23";"2024-12-24 05:46:00";"2024-12-24 05:48:00";"Grid";"OTHERS";"Others";"Electrical";"Grid Breaker auto tripped  at 05:46AM due to heavy jerk observed from grid side. Again STG synced with grid at 05:48AM .";"2025-01-02 19:05:48";"2025-01-02 19:05:48"
"2025-01-02";"2025-01-03 05:03:00";"2025-01-03 07:30:00";"3MW Turbine (Old)";"OTHERS";"Others";"Electrical";"3MW_OlD STG stopped at 05:03AM due to Boiler LSP low on account of cable fault of boiler MCC panel occurs boiler auxiliary failed, Again 3MW_OLD STG  started & synch with grid at 07:30AM.";"2025-01-05 12:49:51";"2025-01-05 12:49:51"
"2025-01-02";"2025-01-03 05:10:00";"2025-01-03 19:26:00";"3MW Turbine (New)";"OTHERS";"Others";"Electrical";"3MW_NEW STG stopped at 05:10AM due to Boiler LSP low on account of cable fault of boiler  MCC panel occurs boiler auxiliary failed. 3 MW NEW_STG set started and taken on load at 07:26PM ";"2025-01-05 12:51:37";"2025-01-05 12:51:37"
"2025-01-03";"2025-01-03 09:40:00";"2025-01-03 14:43:00";"150 TPH Boiler";"FUEL HANDLING SYSTEM";"Slat chain Conveyor";"Mechanical";"30.85MW STG manually stopped at 09:04AM due to bagasse accumulated at slate chain conveyor on a/c of fluid coupling failure , again STG set started & synch with GRID at 02:43PM .";"2025-01-05 12:53:04";"2025-01-05 12:53:04"
"2025-01-03";"2025-01-03 13:40:00";"2025-01-03 19:03:00";"3MW Turbine (Old)";"MILL - GENERAL CLEANING";"Others";"Electrical";"3 MW Old_STG set stopped at 01:40 PM to 07:03PM for Schedule General Cleaning of Mill.";"2025-01-05 12:54:01";"2025-01-05 12:54:01"
"2025-01-07";"2025-01-08 03:39:00";"2025-01-08 03:46:00";"Grid";"132 KV TRANSMISSION LINE";"Others";"Electrical";"30.85MW GRID breaker auto tripped at 03:39AM due to 132 KV GSMA Tr. line tripped from Dhaurhara Substation, again STG Sync. with GRID at 03:46AM .";"2025-01-09 16:10:46";"2025-01-09 16:10:46"
"2025-01-07";"2025-01-08 04:47:00";"2025-01-08 05:01:00";"Grid";"132 KV TRANSMISSION LINE";"Others";"Electrical";"30.85MW STG GRID breaker auto  tripped at 04:47AM due to Grid failure from Nighasan Substation because 132KV Dhaurahra Nighasan Tr. line tripped . Grid resumed and STG sync with Grid at 05:01 AM .";"2025-01-09 16:11:53";"2025-01-09 16:11:53"
"2025-01-09";"2025-01-09 16:20:00";"2025-01-09 17:06:00";"3MW Turbine (Old)";"TURBINE & GENERATOR";"Others";"Electrical";"3MW_OLD STG stopped at 04:20PM due to Governor KW Transducer replacement , Again 3MW_OLD STG  started & sync. with grid at 05:06PM.";"2025-01-10 12:48:37";"2025-01-10 12:48:37"
"2025-01-14";"2025-01-15 03:56:00";"2025-01-15 03:58:00";"Grid";"OTHERS";"Others";"Electrical";"30.85 MW STG set Grid Breaker auto tripped  at 03:56AM due to heavy jerk observed from grid side. Again STG synced with grid at 03:58AM .";"2025-01-16 09:52:38";"2025-01-16 09:52:38"
"2025-01-28";"2025-01-28 13:12:00";"2025-01-28 13:13:00";"Grid";"OTHERS";"Others";"Electrical";"30MW GRID Breaker auto tripped at 01:12PM due to heavy jerk observed from grid side ,Again STG Sync. with Grid at 01:13PM.";"2025-01-29 13:34:56";"2025-01-29 13:34:56"
"2025-01-28";"2025-01-28 09:48:00";"2025-01-28 17:11:00";"3MW Turbine (Old)";"MILL - GENERAL CLEANING";"Others";"Other";"3 MW Old_STG set stopped at 09:48 AM to 05:11PM for Schedule General Cleaning of Mill.";"2025-01-29 13:36:41";"2025-01-29 13:36:41"
"2025-01-28";"2025-01-28 09:19:00";"2025-01-28 17:31:00";"3MW Turbine (New)";"MILL - GENERAL CLEANING";"Others";"Other";" 3 MW NEW_STG set stopped at 09:19AM to 05:31PM for Schedule General Cleaning of Mill.";"2025-01-29 13:37:39";"2025-01-29 13:37:39"
"2025-01-29";"2025-01-29 21:15:00";"2025-01-30 12:02:00";"4MW Turbine";"COOLING WATER SYSTEM";"Others";"Mechanical";"4MW STG set Stopped at 09:15PM due to Generator cooler leakage and Sync with grid at 12:02PM ";"2025-02-01 16:50:50";"2025-02-01 16:50:50"
"2025-02-14";"2025-02-15 04:48:00";"2025-02-15 05:01:00";"35 TPH Boiler & 4MW Turbine";"FUEL HANDLING SYSTEM";"Dist Belt Conveyor-1 (DBC-1)";"Mechanical";"4MW STG Breaker manually opened at 04:48AM due to LSP on a/c of Bagasse jammed on DBC-1 discharge chute ,again STG set synch.with GRID at 05:10AM.";"2025-02-16 11:29:27";"2025-02-16 11:29:27"
"2025-03-02";"2025-03-02 12:59:00";"2025-03-02 13:01:00";"Grid";"OTHERS";"Others";"Electrical";"30.85 MW GRID Breaker auto tripped at 12:59PM due to heavy jerk observed from grid on a/c of 33kv Kailashpuri rural feeder tripped at Dhaurhara s/s  ,Again STG Sync. with Grid at 01:01PM.";"2025-03-05 18:54:38";"2025-03-05 18:54:38"
"2025-03-05";"2025-03-05 16:17:00";"2025-03-05 16:18:00";"Grid";"OTHERS";"Others";"Electrical";"30.85MW GRID Breaker auto tripped at 04:17PM due to heavy jerk observed from grid side ,Again STG Sync. with Grid at 04:18PM.";"2025-03-10 11:29:31";"2025-03-10 11:29:31"
"2025-03-10";"2025-03-10 17:24:00";"2025-03-10 17:58:00";"30.85 MW Turbine";"TURBINE & GENERATOR";"Temp. Monitoring System";"Instrumentation";"30.85MW STG Set Turbine Auto Tripped at 05:24PM due to Alternator DE Side Bearing RTD Malfunctioning , Again STG set Started & Sync with Grid at 05:58 PM.";"2025-03-12 16:28:46";"2025-03-12 16:28:46"
"2025-03-14";"2025-03-15 05:45:00";"2025-03-15 12:45:00";"3MW Turbine (Old)";"OTHERS";"Others";"Other";"NO Cane";"2025-03-18 12:20:04";"2025-03-18 12:20:04"
"2025-03-14";"2025-03-15 05:30:00";"2025-03-15 13:07:00";"3MW Turbine (New)";"OTHERS";"Others";"Other";"NO Cane";"2025-03-18 12:21:24";"2025-03-18 12:21:24"
"2025-03-16";"2025-03-17 06:29:00";"2025-03-17 06:30:00";"Grid";"OTHERS";"Others";"Electrical";"30.85 MW_STG set Grid Breaker auto tripped at 06:29AM due to heavy jerk observed from grid side & STG Sync with Grid at 06:30AM .";"2025-03-18 12:23:11";"2025-03-18 12:23:11"
"2025-04-21";"2025-04-20 10:39:00";"2025-04-20 10:39:00";"30.85 MW Turbine";"BOILER FEED WATER STATION";"Auxillery Oil Pump-1 (AOP-1)";"Electrical";"ok";"2025-04-21 10:41:52";"2025-04-21 10:41:52"
"2025-11-01";"2025-11-02 01:48:00";"2025-11-02 01:50:00";"Grid";"OTHERS";"Others";"Electrical";"GRID breaker auto tripped due to GRID fluctuation .";"2025-11-02 13:11:13";"2025-11-02 13:11:13"
"2025-11-01";"2025-11-02 04:47:00";"2025-11-02 04:57:00";"Grid";"132 KV TRANSMISSION LINE";"Others";"Electrical";"GRID Breaker auto tripped due to GRID Failure on a/c of tripping of 132KV Tr. line from Nighasahan Substation.";"2025-11-02 13:13:42";"2025-11-02 13:13:42"
"2025-10-30";"2025-10-30 18:47:00";"2025-10-30 18:48:00";"Grid";"OTHERS";"Others";"Electrical";"GRID breaker auto tripped due to GRID fluctuation.";"2025-11-02 13:15:35";"2025-11-02 13:15:35"
"2025-10-30";"2025-10-30 08:41:00";"2025-09-30 11:17:00";"35 TPH Boiler";"FURNACE";"Furnace Tubes, Boiler Bank, super Heater & Eco";"Mechanical";"4MW STG set and 35TPH Boiler manually stopped due to Boiler Tube leakage.";"2025-11-02 13:18:30";"2025-11-02 13:18:30"
"2025-10-29";"2025-10-29 20:55:00";"2025-10-29 20:56:00";"Grid";"OTHERS";"Others";"Electrical";"GRID Breaker auto tripped due to GRID fluctuation.";"2025-11-02 13:19:57";"2025-11-02 13:19:57"
"2025-10-28";"2025-10-28 22:18:00";"2025-10-28 22:29:00";"Grid";"132 KV TRANSMISSION LINE";"Others";"Electrical";"GRID breaker auto tripped due to GRID failure o/c of tripping of 132KV Dhaurahar Tr. line from Nighashan Substation";"2025-11-02 13:22:33";"2025-11-02 13:22:33"
"2025-10-28";"2025-10-28 22:32:00";"2025-10-28 22:41:00";"Grid";"132 KV TRANSMISSION LINE";"Others";"Electrical";"GRID breaker auto tripped due to GRID failure o/c of tripping of 132KV Dhaurahar Tr. line from Nighashan Substation";"2025-11-02 13:23:23";"2025-11-02 13:23:23"
"2025-10-28";"2025-10-29 00:38:00";"2025-10-29 12:48:00";"Grid";"132 KV TRANSMISSION LINE";"Others";"Electrical";"GRID breaker auto tripped due to GRID failure o/c of tripping of 132KV GSMA Tr. line from Dhaurahara Substation";"2025-11-02 13:24:37";"2025-11-02 13:24:37"
"2025-10-28";"2025-10-29 06:02:00";"2025-10-29 06:16:00";"Grid";"132 KV TRANSMISSION LINE";"Others";"Electrical";"GRID breaker auto tripped due to GRID failure o/c of tripping of 132KV Dhaurahar Tr. line from Nighashan Substation";"2025-11-02 13:25:17";"2025-11-02 13:25:17"
"2025-10-27";"2025-10-28 00:17:00";"2025-10-28 00:30:00";"Grid";"132 KV TRANSMISSION LINE";"Others";"Electrical";"GRID breaker auto tripped due to GRID failure o/c of tripping of 132KV GSMA Tr. line from Dhaurahar Substation";"2025-11-02 13:26:47";"2025-11-02 13:26:47"
"2025-10-27";"2025-10-28 05:11:00";"2025-10-28 05:24:00";"Grid";"132 KV TRANSMISSION LINE";"Others";"Electrical";"GRID breaker auto tripped due to GRID failure o/c of tripping of 132KV Dhaurahar Tr. line from Nighashan Substation";"2025-11-02 13:27:39";"2025-11-02 13:27:39"
"2025-10-26";"2025-10-27 04:51:00";"2025-10-27 04:52:00";"Grid";"OTHERS";"Others";"Electrical";"GRID breaker auto tripped due to GRID fluctuation.";"2025-11-02 13:28:41";"2025-11-02 13:28:41"
"2025-11-03";"2025-11-03 21:07:00";"2025-11-03 21:08:00";"Grid";"OTHERS";"Others";"Electrical";"GRID breaker auto tripped due to GRID Fluctuation. ";"2025-11-04 11:32:55";"2025-11-04 11:32:55"
"2025-11-04";"2025-11-04 23:56:00";"2025-11-04 23:57:00";"Grid";"OTHERS";"Others";"Electrical";"30.85 MW Grid breaker auto tripped due to GRID fluctuation.";"2025-11-05 12:42:56";"2025-11-05 12:42:56"
"2025-11-05";"2025-11-05 22:17:00";"2025-11-05 22:18:00";"Grid";"OTHERS";"Others";"Electrical";"30.85 MW Grid breaker auto tripped at 10:17PM due to GRID Fluctuation and STG synced with grid at 10:18PM.";"2025-11-06 13:41:40";"2025-11-06 13:41:40"
"2025-11-05";"2025-11-05 21:49:00";"2025-11-06 01:21:00";"35 TPH Boiler";"BOILER FANS";"ID Fan";"Electrical";"4MW STG set & 35TPH Boiler manually stopped to ID fan Motor Power Cable found Earthed , Then Spare Cable taken in line.";"2025-11-06 13:43:47";"2025-11-06 13:43:47"
"2025-11-11";"2025-11-12 07:50:00";"2025-11-12 08:00:00";"3MW Turbine (New)";"MILL - GENERAL CLEANING";"Others";"Other";"3MW New STG Stopped at 07:50AM due to mill stopped for Mill general cleaning";"2025-11-16 11:35:20";"2025-11-16 11:35:20"
"2025-11-12";"2025-11-12 08:15:00";"2025-11-12 11:05:00";"3MW Turbine (Old)";"MILL - GENERAL CLEANING";"Others";"Other";" 3MW Old STG Manually stopped due to mill General Cleaning.";"2025-11-16 11:37:10";"2025-11-16 11:37:10"
"2025-11-12";"2025-11-12 08:00:00";"2025-11-12 11:48:00";"3MW Turbine (New)";"MILL - GENERAL CLEANING";"Others";"Other";"3MW New STG set manually stopped for mill general cleaning.";"2025-11-16 11:38:53";"2025-11-16 11:38:53"
"2025-11-16";"2025-11-17 03:07:00";"2025-11-17 03:09:00";"Grid";"OTHERS";"N/A";"Electrical";"30.85 MW Tie breaker auto tripped due to grid fluctuation.";"2025-11-17 09:58:29";"2025-11-17 09:58:29"
"2025-11-18";"2025-11-18 11:30:00";"2025-11-18 14:40:00";"3MW Turbine (New)";"TURBINE & GENERATOR";"AVR Panel";"Electrical";"3MW New STG set Stopped for Digital AVR installation.";"2025-11-24 12:11:41";"2025-11-24 12:11:41"
"2025-11-18";"2025-11-18 18:53:00";"2025-11-18 19:51:00";"3MW Turbine (New)";"BOILER FEED WATER STATION";"Feed Water Pump-C";"Mechanical";" 3MW New manually tripped due to low steam pressure on a/c of drum level very low.";"2025-11-24 12:16:40";"2025-11-24 12:16:40"
"2025-11-18";"2025-11-18 18:53:00";"2025-11-18 19:28:00";"3MW Turbine (Old)";"BOILER FEED WATER STATION";"Feed Water Pump-C";"Mechanical";"3MW Old TG manually tripped due to low steam pressure on a/c of boiler steam drum level low.";"2025-11-24 12:19:06";"2025-11-24 12:19:06"
"2025-11-19";"2025-11-19 13:30:00";"2025-11-19 13:32:00";"Grid";"OTHERS";"N/A";"Electrical";"Grid Breaker auto tripped due to grid fluctuation.";"2025-11-24 12:22:26";"2025-11-24 12:22:26"
"2025-11-22";"2025-11-23 05:37:00";"2025-11-23 05:47:00";"Grid";"132 KV TRANSMISSION LINE";"N/A";"Electrical";"Grid breaker auto tripped due to Grid failure from Nighasan Substation.";"2025-11-24 12:25:36";"2025-11-24 12:25:36"
"2025-11-24";"2025-11-24 13:06:00";"2025-11-24 13:08:00";"Grid";"OTHERS";"Others";"Electrical";"30.85 MW Grid breaker auto tripped from 01:06PM to 01:08PM due to Grid fluctuation.";"2025-11-25 09:59:10";"2025-11-25 09:59:10"
"2025-11-24";"2025-11-24 20:30:00";"2025-11-24 20:31:00";"Grid";"OTHERS";"DCS Controller & IO cards";"Electrical";"30.85 MW Grid breaker auto tripped from 08:30PM to 08:31PM due to grid fluctuation.";"2025-11-25 10:00:45";"2025-11-25 10:00:45"
"2025-12-03";"2025-12-03 14:45:00";"2025-12-03 17:04:00";"30.85 MW Turbine";"FUEL HANDLING SYSTEM";"Slat chain Conveyor";"Mechanical";" 30.85 MW STG set manually Stopped due to problem in slat chain Fluid Coupling issue.";"2025-12-14 11:39:52";"2025-12-14 11:39:52"
"2025-12-03";"2025-12-03 10:20:00";"2025-12-03 15:58:00";"3MW Turbine (New)";"MILL - GENERAL CLEANING";"Others";"Other";"3MW New STG manually Stopped due to Mill Schedule General Cleaning.";"2025-12-14 11:42:07";"2025-12-14 11:42:07"
"2025-12-03";"2025-12-03 10:30:00";"2025-12-03 15:38:00";"3MW Turbine (Old)";"MILL - GENERAL CLEANING";"Others";"Other";"Old STG manually Stopped due to mill Schedule General Cleaning.";"2025-12-14 11:43:56";"2025-12-14 11:43:56"
"2025-12-03";"2025-12-03 08:45:00";"2025-12-03 15:58:00";"4MW Turbine";"FURNACE";"Furnace Tubes";"Mechanical";"4.00 MW STG Set manually Stopped due to  LHS water Wall panel leakage.";"2025-12-14 11:46:04";"2025-12-14 11:46:04"
"2025-12-07";"2025-12-07 21:00:00";"2025-12-07 21:10:00";"Grid";"132 KV TRANSMISSION LINE";"Others";"Electrical";"Grid breaker auto tripped due to Grid failed from Nighasan Substation. ";"2025-12-14 11:48:42";"2025-12-14 11:48:42"
"2025-12-14";"2025-12-14 14:24:00";"2025-12-14 14:26:00";"Grid";"OTHERS";"Others";"Electrical";"Grid breaker auto tripped due to Heavy jerk observed from grid side then Grid resumed and STG synced with grid.";"2025-12-20 10:15:38";"2025-12-20 10:15:38"
"2025-12-18";"2025-12-18 19:31:00";"2025-12-18 19:39:00";"Grid";"OTHERS";"Others";"Electrical";"Grid breaker auto tripped due to Grid Failed from Dhaurhara Substation ,Grid resumed and STG synced with grid.";"2025-12-20 10:17:41";"2025-12-20 10:17:41"
"2025-12-20";"2025-12-20 18:48:00";"2025-12-20 18:49:00";"Grid";"OTHERS";"Others";"Electrical";"Grid breaker auto tripped due to GRID fluctuation.";"2025-12-21 10:24:49";"2025-12-21 10:24:49"
"2025-12-20";"2025-12-20 18:48:00";"2025-12-20 18:49:00";"Grid";"OTHERS";"Others";"Electrical";"Grid breaker auto tripped due to heavy jerk observed from grid side ,Again STG synced with grid.";"2025-12-22 10:24:10";"2025-12-22 10:24:10"
"2025-12-22";"2025-12-23 05:43:00";"2025-12-23 05:52:00";"Grid";"132 KV TRANSMISSION LINE";"Others";"Electrical";"Grid breaker auto tripped due to Grid Failure from Nighasan Substation, Grid resumed.";"2025-12-23 10:21:25";"2025-12-23 10:21:25"
"2025-12-23";"2025-12-23 14:14:00";"2025-12-23 14:39:00";"Grid";"132 KV SWITCHYARD";"SF-6 Breaker";"Electrical";"Grid breaker manually tripped due to SF6 breaker testing purpose at dhaurahra substation.";"2025-12-24 17:52:18";"2025-12-24 17:52:18"
"2025-12-26";"2025-12-26 20:00:00";"2025-12-26 20:01:00";"Grid";"132 KV TRANSMISSION LINE";"Others";"Electrical";"Grid breaker auto tripped due to heavy jerk observed from Grid side.";"2025-12-27 10:41:44";"2025-12-27 10:41:44"
"2025-12-28";"2025-12-29 06:28:00";"2025-12-29 06:38:00";"Grid";"OTHERS";"Others";"Electrical";"Grid breaker auto tripped due to heavy jerk observed from Grid side.";"2025-12-29 14:54:50";"2025-12-29 14:54:50"
"2026-01-03";"2026-01-03 10:12:00";"2026-01-03 03:20:00";"3MW Turbine (New)";"MILL - GENERAL CLEANING";"Others";"Other";"3MW New STG manually Stopped at 10:12AM due to Schedule Mill General cleaning , again synced at 03:20PM ";"2026-01-04 12:06:41";"2026-01-04 12:06:41"
"2026-01-03";"2026-01-03 12:08:00";"2026-01-03 15:34:00";"3MW Turbine (Old)";"MILL - GENERAL CLEANING";"Others";"Other";"3MW Old TG manually stopped at 12:08 PM due to Schedule Mill General cleaning , again synced at 03:34 PM";"2026-01-04 12:08:03";"2026-01-04 12:08:03"
"2026-01-03";"2026-01-03 10:17:00";"2026-01-03 14:40:00";"35 TPH Boiler & 4MW Turbine";"FUEL HANDLING SYSTEM";"New Belt Conveyor-4 (NBC-4)";"Mechanical";"4.00 MW STG Set manually stopped due to attend scheduled Maintenance work of 35TPH Boiler.";"2026-01-04 12:09:25";"2026-01-04 12:09:25"
"2026-01-07";"2026-01-08 00:07:00";"2026-01-08 00:08:00";"Grid";"OTHERS";"Others";"Electrical";"Grid breaker auto tripped due to heavy jerk observed from Grid side.";"2026-01-08 11:04:17";"2026-01-08 11:04:17"
"2026-01-14";"2026-01-14 22:59:00";"2026-01-14 23:17:00";"Grid";"OTHERS";"Others";"Electrical";"Grid Failed from Dhaurhara Substation.";"2026-01-15 11:06:43";"2026-01-15 11:06:43"
"2026-01-14";"2026-01-15 00:05:00";"2026-01-15 00:18:00";"Grid";"OTHERS";"Others";"Electrical";"Grid Failed from Dhaurhara Substation.
";"2026-01-15 11:07:51";"2026-01-15 11:07:51"
"2026-01-15";"2026-01-15 08:14:00";"2026-01-15 08:15:00";"Grid";"OTHERS";"Others";"Electrical";"GRID Fluctuation
";"2026-01-16 15:44:51";"2026-01-16 15:44:51"
"2026-01-15";"2026-01-16 06:12:00";"2026-01-16 06:21:00";"Grid";"132 KV TRANSMISSION LINE";"Transmission Line";"Electrical";"Grid Failed from Dhaurhara Substation.
";"2026-01-16 15:47:58";"2026-01-16 15:47:58"
"2026-01-16";"2026-01-16 10:34:00";"2026-01-16 10:36:00";"Grid";"OTHERS";"Others";"Electrical";"Grid Breaker auto tripped due to heavy jerk observed from grid side.";"2026-01-18 15:01:46";"2026-01-18 15:01:46"
"2026-01-23";"2026-01-24 01:36:00";"2026-01-24 01:37:00";"Grid";"OTHERS";"Others";"Electrical";"Grid Breaker auto tripped due to heavy jerk observed from grid side.";"2026-01-27 15:00:36";"2026-01-27 15:00:36"
"2026-01-29";"2026-01-27 06:31:00";"2026-01-30 03:19:00";"35 TPH Boiler & 4MW Turbine";"OTHERS";"Others";"Other";"4.00 MW STG Set and 35 TPH boiler taken shutdown for scheduled Maintenance work of Distillery Plant.";"2026-01-31 11:43:38";"2026-01-31 11:43:38"
"2026-01-29";"2026-01-29 10:40:00";"2026-01-30 01:37:00";"3MW Turbine (New)";"MILL - GENERAL CLEANING";"Others";"Other";"3MW New STG set taken shutdown for Scheduled  Mill cleaning.";"2026-01-31 11:46:36";"2026-01-31 11:46:36"
"2026-01-29";"2026-01-29 10:47:00";"2026-01-30 01:27:00";"3MW Turbine (Old)";"MILL - GENERAL CLEANING";"Others";"Other";"3 MW Old STG set stopped for Scheduled Mill cleaning.";"2026-01-31 11:48:48";"2026-01-31 11:48:48"
"2026-02-02";"2026-02-02 02:37:00";"2026-02-02 21:49:00";"35 TPH Boiler";"OTHERS";"Furnace Tubes, Boiler Bank, super Heater & Eco";"Mechanical";" 4.00MW STG Set Breaker manually Opened due to Boiler Economiser Tube leakage.";"2026-02-03 19:58:59";"2026-02-03 19:58:59"
"2026-02-05";"2026-02-05 16:25:00";"2026-02-05 16:26:00";"Grid";"OTHERS";"Others";"Electrical";"Grid Breaker auto tripped due to heavy jerk observed from grid side. ";"2026-02-06 09:53:01";"2026-02-06 09:53:01"
"2026-02-10";"2026-02-06 23:54:00";"2026-02-10 21:21:00";"35 TPH Boiler";"OTHERS";"Ash Handling System -3 (Economiser)";"Mechanical";" 4.00MW STG Set Breaker manually Opened due to Boiler Economiser Tube leakage.";"2026-02-11 09:44:26";"2026-02-11 09:44:26"
"2026-03-05";"2026-03-05 02:05:00";"2026-03-05 15:28:00";"3MW Turbine (Old)";"OTHERS";"Others";"Other";"3 MW Old TG stopped due to Mill Stopped for No Cane Condition.
";"2026-03-06 10:42:43";"2026-03-06 10:42:43"
"2026-03-05";"2026-03-05 00:50:00";"2026-03-05 16:05:00";"3MW Turbine (New)";"OTHERS";"Others";"Other";"3MW New STG stopped due to Mill Stopped for No Cane Condition.
";"2026-03-06 10:45:43";"2026-03-06 10:45:43"
"2026-03-13";"2026-03-13 07:26:00";"2026-03-13 09:35:00";"35 TPH Boiler";"FUEL HANDLING SYSTEM";"New Belt Conveyor-4 (NBC-4)";"Mechanical";"4.00MW STG Set Breaker manually Opened due to Bagasse Jamm in NBC-4.";"2026-03-14 09:37:23";"2026-03-14 09:37:23"
"2026-03-20";"2026-03-20 17:04:00";"2026-03-20 17:05:00";"Grid";"OTHERS";"Others";"Other";"Grid breaker auto tripped due to heavy jerk observed from Grid side and Bad weather conditions.";"2026-03-21 10:25:29";"2026-03-21 10:25:29"
"2026-03-20";"2026-03-21 06:42:00";"2026-03-21 09:06:00";"35 TPH Boiler & 4MW Turbine";"FUEL HANDLING SYSTEM";"Dist Belt Conveyor-5 (DBC-5)";"Mechanical";"4MW STG set stopped due to bagasse jamm at DBC-5 chute.";"2026-03-21 10:27:37";"2026-03-21 10:27:37"
"2026-03-22";"2026-03-22 17:04:00";"2026-03-22 17:05:00";"Grid";"OTHERS";"Others";"Other";"Grid breaker auto tripped due to heavy jerk observed from Grid side.";"2026-03-23 10:09:07";"2026-03-23 10:09:07"
"2026-03-24";"2026-03-25 01:15:00";"2026-03-25 01:17:00";"Grid";"132 KV TRANSMISSION LINE";"Transmission Line";"Electrical";"Grid breaker auto tripped due to heavy jerk observed from Grid side.";"2026-03-25 10:51:24";"2026-03-25 10:51:24"
"2026-04-01";"2026-04-01 19:27:00";"2026-04-01 19:28:00";"Grid";"132 KV TRANSMISSION LINE";"Others";"Electrical";"Grid Breaker auto tripped due to heavy jerk observed from grid side.";"2026-04-08 16:01:21";"2026-04-08 16:01:21"
"2026-04-01";"2026-04-01 19:35:00";"2026-04-01 20:30:00";"3MW Turbine (Old)";"TURBINE & GENERATOR";"Others";"Instrumentation";"3MW Old STG Breaker Tripped due to actuator issue.";"2026-04-08 16:04:57";"2026-04-08 16:04:57"
"2026-04-01";"2026-04-01 19:56:00";"2026-04-01 20:15:00";"3MW Turbine (New)";"TURBINE & GENERATOR";"Others";"Instrumentation";"3MW New STG Breaker Tripped due to actuator issue.";"2026-04-08 16:06:29";"2026-04-08 16:06:29"
"2026-04-01";"2026-04-02 03:18:00";"2026-04-02 18:10:00";"3MW Turbine (Old)";"TURBINE & GENERATOR";"HP Actuator";"Instrumentation";"3MW Old STG Breaker Tripped due to actuator issue.";"2026-04-08 16:09:13";"2026-04-08 16:09:13"
"2026-04-01";"2026-04-02 03:20:00";"2026-04-02 04:47:00";"3MW Turbine (New)";"TURBINE & GENERATOR";"HP Actuator";"Instrumentation";"3MW New STG Breaker Tripped due to actuator issue.";"2026-04-08 16:10:28";"2026-04-08 16:10:28"
"2026-04-03";"2026-04-03 09:42:00";"2026-04-03 09:43:00";"Grid";"132 KV TRANSMISSION LINE";"Others";"Electrical";"Grid breaker auto tripped due to heavy jerk observed from Grid side.";"2026-04-08 16:12:29";"2026-04-08 16:12:29"
"2026-04-06";"2026-04-06 08:08:00";"2026-04-06 08:09:00";"Grid";"132 KV TRANSMISSION LINE";"Others";"Electrical";"Grid breaker auto tripped due to heavy jerk observed from Grid side.";"2026-05-09 12:30:23";"2026-05-09 12:30:23"
